<?xml version="1.0"?>

<cache-config xmlns:xsi="http://www.w3.org/2001/XMLSchema-instance"
    xmlns="http://xmlns.oracle.com/coherence/coherence-cache-config"
    xsi:schemaLocation="http://xmlns.oracle.com/coherence/coherence-cache-config coherence-cache-config.xsd">

    <caching-scheme-mapping>
        <cache-mapping>
            <cache-name>test</cache-name>
            <scheme-name>distributedScheme</scheme-name>
        </cache-mapping>
    </caching-scheme-mapping>

    <caching-schemes>
        <distributed-scheme>
            <scheme-name>distributedScheme</scheme-name>
            <service-name>exampleDistributedService</service-name>

            <backing-map-scheme>
                <read-write-backing-map-scheme>
                    <internal-cache-scheme><local-scheme/></internal-cache-scheme>
                    <cachestore-scheme>
                        <class-scheme>
                            <class-factory-name>org.cohbook.configuration.bang.BangMain</class-factory-name>
                            <method-name>getBean</method-name>
                            <init-params>
                                <init-param><param-value>exampleCacheLoader</param-value></init-param>
                            </init-params>
                        </class-scheme>
                    </cachestore-scheme>
                </read-write-backing-map-scheme>
            </backing-map-scheme>

            <autostart>true</autostart>
        </distributed-scheme>

    </caching-schemes>

</cache-config>