<?xml version="1.0" encoding="UTF-8"?>
<beans xmlns="http://www.springframework.org/schema/beans"
	xmlns:xsi="http://www.w3.org/2001/XMLSchema-instance"
	xsi:schemaLocation="http://www.springframework.org/schema/beans http://www.springframework.org/schema/beans/spring-beans.xsd">

    <bean id="exampleDataSource" class="org.springframework.jdbc.datasource.DriverManagerDataSource">
        <constructor-arg>
            <value>jdbc:h2:mem:test;DB_CLOSE_DELAY=-1</value>
        </constructor-arg>
    </bean>

    <bean id="exampleCacheLoader" class="org.cohbook.configuration.spring.ExampleCacheLoader">
        <constructor-arg>
            <ref bean="exampleDataSource"/>
        </constructor-arg>
    </bean>
    
    <bean id="cluster" class="com.tangosol.net.CacheFactory"
        factory-method="getCluster"/>

    <bean id="cacheFactory" class="com.tangosol.net.CacheFactory"
        factory-method="getConfigurableCacheFactory"/>
        
    <bean id="exampleCache" factory-bean="cacheFactory"
        factory-method="ensureCache">
        <constructor-arg value="test"/>
        <constructor-arg><null/></constructor-arg>
    </bean>
    
    <bean id="distributedService" factory-bean="cacheFactory"
        factory-method="ensureService">
        <constructor-arg value="exampleDistributedService"/>
    </bean>

    <bean id="exampleCacheUsingBean" class="org.cohbook.configuration.spring.ExampleCacheUsingBean">
        <property name="cache" ref="exampleCache"/>
    </bean>
    
</beans>
