<?xml version='1.0'?>

<pof-config xmlns:xsi="http://www.w3.org/2001/XMLSchema-instance"
   xmlns="http://xmlns.oracle.com/coherence/coherence-pof-config"
   xsi:schemaLocation="http://xmlns.oracle.com/coherence/coherence-pof-config
   coherence-pof-config.xsd">
   <user-type-list>
      <user-type>
         <type-id>1001</type-id>
         <class-name>org.cohbook.queries.domain.CustomerOrder</class-name>
      </user-type>
      <user-type>
         <type-id>1002</type-id>
         <class-name>org.cohbook.queries.projection.CustomerSummaryEntryExtractor</class-name>
      </user-type>
      <user-type>
         <type-id>1003</type-id>
         <class-name>org.cohbook.queries.projection.CustomerSummaryExtractor</class-name>
      </user-type>
      <user-type>
         <type-id>1004</type-id>
         <class-name>org.cohbook.queries.domain.OrderLine</class-name>
      </user-type>
      <user-type>
         <type-id>1005</type-id>
         <class-name>org.cohbook.queries.domain.SummaryCustomerDetail</class-name>
      </user-type>
      <user-type>
         <type-id>1006</type-id>
         <class-name>org.cohbook.queries.domain.AccountOrder</class-name>
      </user-type>
      <user-type>
         <type-id>1007</type-id>
         <class-name>org.cohbook.queries.collections.CollectionElementExtractor</class-name>
      </user-type>
      <user-type>
         <type-id>1008</type-id>
         <class-name>org.cohbook.queries.collections.PofCollectionElementExtractor</class-name>
      </user-type>
      <user-type>
         <type-id>1009</type-id>
         <class-name>org.cohbook.queries.domain.OrderKey</class-name>
      </user-type>
      <user-type>
         <type-id>1010</type-id>
         <class-name>org.cohbook.queries.filter.UniqueValueFilter</class-name>
      </user-type>
 
      <user-type>
         <type-id>2001</type-id>
         <class-name>org.cohbook.serialisation.filter.SimpleTypeIdFilter</class-name>
      </user-type>

      <user-type>
         <type-id>2002</type-id>
         <class-name>org.cohbook.queries.filter.KeyIdentityExtractor</class-name>
      </user-type>

      <user-type>
         <type-id>2003</type-id>
         <class-name>org.cohbook.queries.customindex.StatisticsIndexBuildExtractor</class-name>
      </user-type>

      <user-type>
         <type-id>2004</type-id>
         <class-name>org.cohbook.queries.customindex.MeanExtractor</class-name>
      </user-type>
      
      <user-type>
         <type-id>2005</type-id>
         <class-name>org.cohbook.queries.collections.OrderValueExtractor</class-name>
         <serializer>
            <class-name>org.cohbook.queries.collections.OrderValueExtractor$Serializer</class-name>
         </serializer>
      </user-type>

      <user-type>
         <type-id>2006</type-id>
         <class-name>org.cohbook.queries.customindex.AboveAverageFilter</class-name>
      </user-type>
      

    </user-type-list>
</pof-config>