<?xml version="1.0" encoding="UTF-8"?>
<beans xmlns="http://www.springframework.org/schema/beans"
	xmlns:xsi="http://www.w3.org/2001/XMLSchema-instance"
	xsi:schemaLocation="http://www.springframework.org/schema/beans http://www.springframework.org/schema/beans/spring-beans.xsd">

    <bean id="cluster" class="com.tangosol.net.CacheFactory"
        factory-method="getCluster"/>

    <bean id="cacheFactory" class="com.tangosol.net.CacheFactory"
        factory-method="getConfigurableCacheFactory"/>
        
    <bean id="exampleCache" factory-bean="cacheFactory"
        factory-method="ensureCache">
        <constructor-arg value="test"/>
        <constructor-arg><null/></constructor-arg>
    </bean>
    
    <bean id="distributedService" factory-bean="cacheFactory"
        factory-method="ensureService">
        <constructor-arg value="exampleDistributedService"/>
    </bean>

    <bean id="invocationService" factory-bean="cacheFactory"
        factory-method="ensureService">
        <constructor-arg value="exampleInvocationService"/>
    </bean>
    
    <bean id="exampleCacheUsingBean" class="org.cohbook.configuration.spring.ExampleCacheUsingBean">
        <property name="cache" ref="exampleCache"/>
    </bean>
    
    <bean id="exampleServiceInvokingBean" class="org.cohbook.configuration.spring.ServiceInvokingBean">
        <property name="invocationService" ref="invocationService"/>
    </bean>

</beans>
