<?xml version="1.0" encoding="UTF-8"?>
<beans xmlns="http://www.springframework.org/schema/beans"
	xmlns:xsi="http://www.w3.org/2001/XMLSchema-instance"
	xmlns:context="http://www.springframework.org/schema/context"
	xsi:schemaLocation="http://www.springframework.org/schema/beans http://www.springframework.org/schema/beans/spring-beans.xsd
		http://www.springframework.org/schema/context http://www.springframework.org/schema/context/spring-context-3.2.xsd">


   <bean id="utilBeansContext" lazy-init="false"
         class="org.springframework.context.support.ClassPathXmlApplicationContext">
     <constructor-arg>
       <value>UtilBeansContext.xml</value>
     </constructor-arg>
   </bean>

   <!-- child of above -->
   <bean id="coherenceBeansContext" lazy-init="true"
         class="org.springframework.context.support.ClassPathXmlApplicationContext">
     <constructor-arg>
       <list><value>CoherenceBeansContext.xml</value></list>
     </constructor-arg>
     <constructor-arg>
       <ref bean="utilBeansContext"/>
     </constructor-arg>
   </bean>

   <!-- child of above -->
   <bean id="applicationBeansContext" lazy-init="true"
         class="org.springframework.context.support.ClassPathXmlApplicationContext">
     <constructor-arg>
       <list><value>ApplicationBeansContext.xml</value></list>
     </constructor-arg>
     <constructor-arg>
       <ref bean="utilBeansContext"/>
     </constructor-arg>
   </bean>

   <bean id="storageBeansContext" lazy-init="true"
         class="org.springframework.context.support.ClassPathXmlApplicationContext">
     <constructor-arg>
       <list><value>MBeanExporterContext.xml</value></list>
     </constructor-arg>
   </bean>
</beans>
