<?xml version="1.0"?>

<cache-config xmlns:xsi="http://www.w3.org/2001/XMLSchema-instance"
    xmlns="http://xmlns.oracle.com/coherence/coherence-cache-config"
    xsi:schemaLocation="http://xmlns.oracle.com/coherence/coherence-cache-config coherence-cache-config.xsd">

	<defaults>
		<serializer>
			<instance>
                <class-factory-name>SerializerFactory</class-factory-name>
                <method-name>getSerializer</method-name>
			</instance>
		</serializer>
	</defaults>
    
    <caching-scheme-mapping>
        <cache-mapping>
            <cache-name>test</cache-name>
            <scheme-name>distributedScheme</scheme-name>
        </cache-mapping>
    </caching-scheme-mapping>

    <caching-schemes>
        <distributed-scheme>
            <scheme-name>distributedScheme</scheme-name>
            <autostart>true</autostart>
        </distributed-scheme>

    </caching-schemes>

</cache-config>