<?xml version="1.0" encoding="UTF-8"?>
<beans xmlns="http://www.springframework.org/schema/beans"
	xmlns:xsi="http://www.w3.org/2001/XMLSchema-instance"
	xsi:schemaLocation="http://www.springframework.org/schema/beans http://www.springframework.org/schema/beans/spring-beans.xsd">

    <bean id="exampleCacheLoader" class="org.cohbook.configuration.spring.ExampleCacheLoader">
        <constructor-arg>
            <ref bean="exampleDataSource"/>
        </constructor-arg>
    </bean>

    <bean id="dynamicCacheLoader" class="org.cohbook.configuration.spring.DynamicCacheLoader"
        scope="prototype">
        <constructor-arg>
            <ref bean="exampleDataSource"/>
        </constructor-arg>
    </bean>
    
    <bean id="autowireSerialiser" class="org.cohbook.configuration.spring.SpringSerializer">
        <constructor-arg>
            <value>applicationBeansContext</value>
        </constructor-arg>
    </bean>
    
    <bean class="org.cohbook.configuration.spring.LifecycleValidatingCacheFactoryBuilder.BuilderLifeCycle"/>
</beans>
