<?xml version="1.0"?>

<cache-config xmlns:xsi="http://www.w3.org/2001/XMLSchema-instance"
    xmlns="http://xmlns.oracle.com/coherence/coherence-cache-config"
    xsi:schemaLocation="http://xmlns.oracle.com/coherence/coherence-cache-config coherence-cache-config.xsd">

    <caching-scheme-mapping>
        <cache-mapping>
            <cache-name>slow-cache</cache-name>
            <scheme-name>SlowCacheScheme</scheme-name>
        </cache-mapping>
        <cache-mapping>
            <cache-name>fast-cache</cache-name>
            <scheme-name>FastCacheScheme</scheme-name>
        </cache-mapping>
    </caching-scheme-mapping>

    <caching-schemes>
        <distributed-scheme>
            <scheme-name>SlowCacheScheme</scheme-name>
            <service-name>exampleDistributedService</service-name>
            <thread-count>100</thread-count>

            <backing-map-scheme>
                <read-write-backing-map-scheme>
                    <internal-cache-scheme><local-scheme/></internal-cache-scheme>
                    <cachestore-scheme>
                        <class-scheme>
                            <class-name>com.example.SlowDatabaseCacheLoader</class-name>
                        </class-scheme>
                    </cachestore-scheme>
                </read-write-backing-map-scheme>
            </backing-map-scheme>

            <autostart>true</autostart>
        </distributed-scheme>

        <distributed-scheme>
            <scheme-name>FastCacheScheme</scheme-name>
            <service-name>exampleDistributedService</service-name>
            <thread-count>5</thread-count>

            <backing-map-scheme>
                <read-write-backing-map-scheme>
                    <internal-cache-scheme><local-scheme/></internal-cache-scheme>
                </read-write-backing-map-scheme>
            </backing-map-scheme>
            

            <autostart>true</autostart>
        </distributed-scheme>
        
        <invocation-scheme>
            <service-name>exampleInvocationService</service-name>
            <autostart>true</autostart>
        </invocation-scheme>

    </caching-schemes>

</cache-config>