<?xml version="1.0"?>

<cache-config xmlns:xsi="http://www.w3.org/2001/XMLSchema-instance"
    xmlns="http://xmlns.oracle.com/coherence/coherence-cache-config"
    xsi:schemaLocation="http://xmlns.oracle.com/coherence/coherence-cache-config coherence-cache-config.xsd">

    <caching-scheme-mapping>
        <cache-mapping>
            <cache-name>slow-cache</cache-name>
            <scheme-name>SlowCacheScheme</scheme-name>
        </cache-mapping>
        <cache-mapping>
            <cache-name>fast-cache</cache-name>
            <scheme-name>FastCacheScheme</scheme-name>
        </cache-mapping>
    </caching-scheme-mapping>

    <caching-schemes>
    
        <!--  Cache template schemes - no service parameters -->
        
        <distributed-scheme>
            <scheme-name>SlowCacheScheme</scheme-name>
            <scheme-ref>ManyThreadServiceScheme</scheme-ref>

            <backing-map-scheme>
                <read-write-backing-map-scheme>
                    <internal-cache-scheme><local-scheme/></internal-cache-scheme>
                    <cachestore-scheme>
                        <class-scheme>
                            <class-name>com.example.SlowDatabaseCacheLoader</class-name>
                        </class-scheme>
                    </cachestore-scheme>
                </read-write-backing-map-scheme>
            </backing-map-scheme>

        </distributed-scheme>

        <distributed-scheme>
            <scheme-name>FastCacheScheme</scheme-name>
            <scheme-ref>FewThreadServiceScheme</scheme-ref>

            <backing-map-scheme>
                <read-write-backing-map-scheme>
                    <internal-cache-scheme><local-scheme/></internal-cache-scheme>
                </read-write-backing-map-scheme>
            </backing-map-scheme>
            
        </distributed-scheme>
        
        <!--  Service schemes - no cache template parameters -->
        
        <distributed-scheme>
            <scheme-name>ManyThreadServiceScheme</scheme-name>
            <scheme-ref>AbstractServiceScheme</scheme-ref>
            <service-name>ManyThreadDistributedService</service-name>
            <thread-count>100</thread-count>
        </distributed-scheme>

        <distributed-scheme>
            <scheme-name>FewThreadServiceScheme</scheme-name>
            <scheme-ref>AbstractServiceScheme</scheme-ref>
            <service-name>FewThreadDistributedService</service-name>
            <thread-count>5</thread-count>
        </distributed-scheme>

        <distributed-scheme>
            <scheme-name>AbstractServiceScheme</scheme-name>
            <autostart>true</autostart>
        </distributed-scheme>
        
    </caching-schemes>

</cache-config>