<?xml version="1.0"?>

<cache-config xmlns:xsi="http://www.w3.org/2001/XMLSchema-instance"
  xmlns="http://xmlns.oracle.com/coherence/coherence-cache-config"
  xsi:schemaLocation="http://xmlns.oracle.com/coherence/coherence-cache-config coherence-cache-config.xsd">
  <caching-scheme-mapping>
    <cache-mapping>
      <cache-name>configuration</cache-name>
      <scheme-name>distributedService</scheme-name>
    </cache-mapping>
  </caching-scheme-mapping>

  <caching-schemes>
    <distributed-scheme>
      <scheme-name>distributedService</scheme-name>
      <thread-count>3</thread-count>
      <partition-count>13</partition-count>

      <backing-map-scheme>
        <local-scheme />
      </backing-map-scheme>

      <autostart>true</autostart>
    </distributed-scheme>

  </caching-schemes>
</cache-config>