<?xml version='1.0'?>

<pof-config xmlns:xsi="http://www.w3.org/2001/XMLSchema-instance"
   xmlns="http://xmlns.oracle.com/coherence/coherence-pof-config"
   xsi:schemaLocation="http://xmlns.oracle.com/coherence/coherence-pof-config
   coherence-pof-config.xsd">
   <user-type-list>
      <user-type>
         <type-id>1001</type-id>
         <class-name>org.cohbook.events.domain.Configuration</class-name>
      </user-type>
      <user-type>
         <type-id>1002</type-id>
         <class-name>org.cohbook.events.domain.ConfigurationKey</class-name>
      </user-type>

    </user-type-list>
</pof-config>