<?xml version='1.0'?>

<pof-config xmlns:xsi="http://www.w3.org/2001/XMLSchema-instance"
   xmlns="http://xmlns.oracle.com/coherence/coherence-pof-config"
   xsi:schemaLocation="http://xmlns.oracle.com/coherence/coherence-pof-config
   coherence-pof-config.xsd">
   <user-type-list>
      <user-type>
         <type-id>1001</type-id>
         <class-name>org.cohbook.serialisation.domain.Person</class-name>
      </user-type>
      <user-type>
         <type-id>1002</type-id>
         <class-name>org.cohbook.serialisation.domain.GoPlayer</class-name>
      </user-type>
      <user-type>
         <type-id>1003</type-id>
         <class-name>org.cohbook.serialisation.domain.ChessPlayer</class-name>
      </user-type>
      <user-type>
         <type-id>1004</type-id>
         <class-name>org.cohbook.serialisation.domain.GenericPlayer</class-name>
      </user-type>
      <user-type>
         <type-id>1005</type-id>
         <class-name>org.cohbook.serialisation.domain.GoRating</class-name>
         <serializer>
            <class-name>com.tangosol.io.pof.EnumPofSerializer</class-name>
         </serializer>
      </user-type>
      <user-type>
         <type-id>1006</type-id>
         <class-name>org.cohbook.serialisation.domain.ChessRating</class-name>
         <serializer>
            <class-name>com.tangosol.io.pof.EnumPofSerializer</class-name>
         </serializer>
      </user-type>
      <user-type>
         <type-id>2001</type-id>
         <class-name>org.cohbook.serialisation.filter.SimpleTypeIdFilter</class-name>
      </user-type>
      <user-type>
         <type-id>2002</type-id>
         <class-name>org.cohbook.serialisation.filter.PofTypeIdFilter</class-name>
      </user-type>
      <user-type>
         <type-id>3001</type-id>
         <class-name>org.cohbook.serialisation.domain.ListHolder1</class-name>
      </user-type>
      <user-type>
         <type-id>3002</type-id>
         <class-name>org.cohbook.serialisation.domain.ListHolder2</class-name>
      </user-type>
      <user-type>
         <type-id>3003</type-id>
         <class-name>org.cohbook.serialisation.domain.ListHolder3</class-name>
      </user-type>
      <user-type>
         <type-id>3004</type-id>
         <class-name>org.cohbook.serialisation.domain.ListHolder4</class-name>
      </user-type>
   </user-type-list>
</pof-config>