<?xml version='1.0'?>

<pof-config xmlns:xsi="http://www.w3.org/2001/XMLSchema-instance"
   xmlns="http://xmlns.oracle.com/coherence/coherence-pof-config"
   xsi:schemaLocation="http://xmlns.oracle.com/coherence/coherence-pof-config
   coherence-pof-config.xsd">
   <user-type-list>
      <include>coherence-pof-config.xml</include>
      <user-type>
         <type-id>1001</type-id>
         <class-name>org.cohbook.serialisation.protobuf.ProtobufExtractor</class-name>
      </user-type>
   </user-type-list>
</pof-config>