<?xml version='1.0'?>
<pof-config xmlns:xsi="http://www.w3.org/2001/XMLSchema-instance"
	xmlns="http://xmlns.oracle.com/coherence/coherence-pof-config"
	xsi:schemaLocation="http://xmlns.oracle.com/coherence/coherence-pof-config
		coherence-pof-config.xsd">
	<user-type-list>
		<user-type>
			<type-id>10200</type-id>
			<class-name>com.bbva.datacaching.loader.processor.TempBinaryPutAll</class-name>
		</user-type>
		
	</user-type-list>
	<allow-interfaces>true</allow-interfaces>
	<allow-subclasses>true</allow-subclasses>
</pof-config>